"user","screen_name","follows"
"1168003974","tslumley",238
"799395528","lilith_grace",50
"1199082878275112962","IncreaseStyle",0
"1396556095","ashstanleyryan",4
"51798900","PenaAndres",0
"14130929","ttso",3
"1104845784653029376","datascigen",6
"2866050540","mwooten34",1
"956798261406285824","CamGillesp",2
"757916940","timmkeogh",5
"375548276","mapolglase",12
"2233551997","OwenChurches",23
"4337960232","brendankellol",118
"1609301790","StirlingNigel",28
"1108256782491619328","v_boringfollow",7
"298397499","kloppenmum",0
"3314676337","leith_huffadine",11
"90317262","VinLew",52
"16741559","colecameron",22
"871269144","Duckofthemoon",1
"1113560529266548736","nzpeacesafety",1
"167908911","turbnz",4
"981091350203400192","ben_stubbing",1
"11999902","kcolbin",60
"977351962558578690","6bA5g",1
"2446021638","CBetridge",2
"39886809","NotThatAFleming",5
"4675087285","aelwan4",2
"29225911","misskateroche",3
"17750632","dgh",92
"940707352977686528","LaraMGreaves",32
"558460050","mishafredmeyer",2
"1045033721190121472","JOY017019494",0
"78343331","Outlawtweets",0
"87606674","nodexl",14
"12160482","marc_smith",15
"864995845673897984","NodeXL_Mktng",5
"151934168","smr_foundation",8
"1085267779639537664","slomka_robert",3
"880492010301423618","ludmila_janda",40
"221097490","realpaulyoung",84
"26460550","ajamesgreen",28
"1115956142721597440","OffersZones",1
"996160763831107586","BobbyMiller202",11
"1133521516056834048","_sambivalent",18
"1143072372980772864","CurlyPinko",11
"734585749","HilariousKiwi",57
"21847178","virtuallykaren",49
"509345763","AnnieHogan2",4
"352029771","hcirePT",114
"2396569663","KarinMary1",55
"606161672","jimathy42",1
"18495657","Sereeena",82
"1612238378","kellydanc",22
"1100202071234494465","HelenClarkFound",100
"1106505216709414912","roblogic_",13
"922739318203879424","subtle_disgust",0
"37402560","ginsengburger",19
"795187141756100609","simonecmarshall",32
"61125155","nzsd",101
"585203015","RBatchelorNZ",9
"374283155","nikilomax",7
"273912459","japinol",1
"234639036","cfcoverdale",1
"852338973393289216","sone64542410",1
"83593833","Rjhknight",1
"993732315766456320","PrasathLab",1
"1101907598998159361","r0mymendez",5
"904220789859373056","relkmi",2
"397469733","charles_baillie",1
"119213611","sunburstnz",0
"14870565","armish",3
"796415293925036033","yijungwu22",0
"406609880","kiwiskiNZ",22
"2710997346","HennigAAC",6
"15937583","tristamsparks",27
"2413996273","himamu0926",1
"1177025124928614401","MikiyaYuki",0
"988377745427181569","Lluissssssssss",1
"126689562","jvaghela4",1
"828226033581223938","elbicivolador",1
"2179114005","RichmanRonald",6
"274258311","crary016",4
"3152079223","GeospatialAmit",5
"14048901","jilliancyork",47
"479349888","geoffsimmonz",160
"4763701","aenertia",59
"582489901","APndrgrst",41
"2185274376","SmartButNotWise",28
"7161502","mjollnir",65
"572424149","andrewtychen",281
"479040098","rhysauck",21
"1574947477","debdebfish",1
"49435594","LisaCNZ",12
"3412390873","Ricksterrod13",5
"13488382","ViognierReviews",1
"20489671","rosehoare",33
"1956136892","phil_neubauer",26
"407048462","chrisclaynz",37
"1106462481759662080","Tiki_o_te_Ra",6
"1036536822396928000","NG_ChCh",18
"796806627647066112","AlParsai",24
"2490843720","Dlo_melwelham",5
"311850574","LindaOsborn1",37
"160535438","heliopathic",13
"234884536","NZJulieMarshall",51
"15748275","brettcd",1
"973955318987210752","allison_horst",84
"1171678435845869569","urbanista5",12
"736485228","wannabikkit",3
"1008075419755667456","HepCActionA",5
"848999952999038976","Jonodonozym",2
"1177386038571880449","hoskinghistory",97
"240167860","lyndamclea",4
"412491979","parrotnine",3
"33428682","therealfelix5",7
"13412622","MsWonderOutLoud",84
"389943119","pinkstephness",3
"29406343","clarecurranmp",263
"932741103471562752","akanesingatanz",0
"2311409328","TJAriu",4
"49942391","Windynell",25
"3565197674","sudo_xiao",2
"277722244","shanthomas",42
"18416977","LarryOfNZ",2
"1210578109","AxleRyde",42
"506632575","VenturaAli",45
"3334828595","GoldbergData",19
"922649970192236550","arwicken",4
"1085639564855627776","reproduckible",3
"44031284","katenewtonnz",128
"1569569352","rana__rose",2
"55211385","ginarembe",29
"1144605770467696642","Jacob61129332",1
"31591910","tommostafford",15
"20742767","kiri_te_karnage",24
"101636478","emiledonovan",69
"934271621866471425","ConcertoActual",1
"1169696969503039489","maddock_di",5
"65544902","marcuslush",234
"12261572","jlaundry",3
"220849542","tansleyg",1
"731054596802510848","jfacrawford",14
"1360195334","theactofbeing",147
"1580535385","jdblischak",24
"18576225","tanyafretz",54
"1419680599","ClaireWhelen",1
"293953028","Clare_Hendry",1
"2744459353","SamPassmore_",7
"140154190","iannello_",1
"142109657","SupergoofNZ",35
"15046635","caffeine_addict",174
"1157602280260063232","hkoanz",1
"97058402","annafergussonnz",43
"1169013724600045569","QODAdvocacy",7
"143761668","_glitterworm",20
"139518412","philiplyth",169
"16673713","ExcapeArtist",42
"859911392576405509","brad_circuit",7
"1214378029","InaBeeK",17
"1158500631021117446","DrAliMonty",1
"805946533401141248","ElectoralCommNZ",73
"1648831076","snarky_mk",67
"65482185","germalist",39
"907411010780143616","scaredyfish",5
"2388307004","QueenofCobden",26
"887771401","whereivewalked",29
"327165626","DrAndrewButcher",26
"1149295118480007168","Gfl3000",1
"136532538","ppgardne",55
"438444719","fran_amery",2
"1411105375","StatStas",22
"18262382","yiqinfu",7
"1574895132","verycoolhuman",1
"231239511","RhyvenNZ",42
"1036117723300818944","extraiterations",5
"975399144113278976","AmbientGrowl",1
"793246524780216320","DadTrans",9
"264623962","davidcapie",76
"16804885","fraserStCbrown",16
"316378154","moylecroft",2
"14454969","Ricki_28",1
"2975404860","Rebecca_Ruwhiu",6
"14851463","kellyperazzolo",3
"59367550","carenwilton",31
"711690492","anakuroma",1
"57827467","KiwiDalang",29
"2692163364","clockwork_fish",24
"844377336082419713","dileepa_fonseka",31
"4856259547","ellapeaches1984",41
"2848240818","TheGossamerFile",27
"2446650408","AmandaMcVitty",24
"196479133","getrochelle",28
"886517374198792193","saidColleen",24
"1152797330669592576","1DRargh",10
"18206130","angew",29
"799161002927353857","swarthy_swabs",21
"837401636712566785","SwitcherNZ",57
"18174210","Kiwiseabreeze",164
"1158800582888443904","NatLeeActually",6
"79072033","vanessacwills",17
"14141385","CabbageMittens",68
"24575331","plinythemidlkid",34
"1929860378","comingupcharlie",290
"859326944","lc__lc",1
"74363532","Siobhancole11",9
"22247910","DevinMynett",44
"754986065287483392","justine_ps5",3
"88795213","careyfabfuture",2
"1263401370","SusanStrongman",163
"4920801553","AndrewPerryNZ",23
"729498254195314688","whiskymead",66
"102604755","senddanupdate",2
"2765803064","boundryrunner",51
"1611937782","juliankingnz",33
"19015987","lizardb0y",13
"2879000629","Not_A_Yoga_Matt",37
"17167972","David_Cormack",354
"854982482273468416","novannovs",1
"998675667838488576","james_azam",2
"4854601521","ourlawlesstimes",2
"91975097","jmblanch",4
"1607654676","m4rchmain",9
"67290711","mapmakerdavid",45
"3306757754","lendsen",1
"357689527","TheSmartJokes",19
"730352066","AmyBieleski",3
"25863464","izzywhizzygirl",2
"502404373","f4mmedia",1
"1032068116820287488","NathanMonk10",1
"1143087874323038208","Nathan_Why",1
"160227163","dse_fungi",2
"2930435888","dtsh2",16
"1114086427808002048","Yungnatttt",20
"12306","zentree",77
"22581600","SkinkySam",13
"33752742","MarkSReynolds",48
"1658681191","mistakenlasagne",0
"90392849","raffesmith",8
"2229257005","HopeWithWhimsy",4
"2418330518","mountasx",6
"3504769453","toddrednz",6
"830577638510964736","Christo30851620",0
"725374034","phnatalie",2
"281326984","SheBeGemmin",14
"3755252293","bikesbooksbrews",6
"3964548552","BenCRiordan",5
"15388660","cameronfindlay",49
"54980136","ColocationUSA",2
"289257096","MtAlbertMassive",23
"73483","russelljsmith",35
"73285427","GreenSteve1",9
"392250083","irateelf",0
"716356146496278528","ReidFrancis88",21
"15338019","sobri",2
"1245381091","blairwillems",4
"21092434","manmadepowers",8
"22906279","lesgates",13
"2471859036","GregAFC",4
"1921571587","JaydeFlett",21
"939036090790436864","the_caldweller",11
"1692295147","Murfitoro",4
"15499810","andrewpaulellis",3
"769769229729923072","filterfeeding",6
"20118846","timjonesbooks",71
"1711073353","JacquelineBeggs",64
"259940723","vivster81",166
"49516166","Rosspnz",11
"870636869876187136","JamieHisBright",1
"129130805","YazanDarwazeh",4
"32683532","hamishfletcher",58
"490003614","nznovak",7
"23735583","Lincoln81",7
"463663073","TimHerbert12",2
"2604901940","vanWalravenMark",1
"29840478","mbaines3",13
"497428673","McKenzieAl",71
"989780030619172864","stephlavinia",0
"917633552681857024","comradenewhope",48
"1057389751563481088","hyphenTab",30
"293312530","ramblejamble",12
"1099996675764977664","LafargueNz",2
"1132956748661190656","officialsmartcs",1
"325817476","srober11",2
"3974011","drlambchop",9
"2800429409","fsorodrigues",14
"594920752","SRHAstraea",21
"1914904513","haenon",1
"1141220011140239360","newcontact196",2
"20738885","mattliddy",10
"24588169","MK3NZ",2
"56434472","Anna_Eilers",4
"156142024","secastro",10
"202844201","JamesDunbier",0
"10454332","kayakr",41
"2649924378","tomshanleynz",27
"366154590","GurmanBhatia",11
"730919378045173761","AUTCSDA",31
"701497444333277185","KristinFanselow",8
"20037424","howdystrangr",17
"25567789","cdlanderson",77
"56279356","raghuviv",1
"1088448157","artyfilms",3
"59387855","GeometriDama",0
"2789464746","_jibinjose",1
"97940269","JamieASmall",13
"295130433","kennykatie",88
"988329757258407936","WC_Principal",22
"3035259068","djexeter",6
"219078550","humeursdevictor",6
"862532191","nZdavidnZ",1
"1014049190593290240","nzkronus",4
"25259051","Supagood",1
"303709305","davidtiplady",7
"1048787252447346689","CatSchrodinger3",3
"19730474","caelanhuntress",11
"3327907772","NZleftrightout",26
"105944390","SebWCS",3
"16583009","mlascarides",57
"1165053631","Craigbikebike",1
"26891656","PeterJThomson",49
"18204149","LaurieFleming",93
"1132335834","StuartCrosswell",1
"1261712899","bwstephenson",1
"13420792","threeboysbrew",39
"14044932","paultudor",70
"47513887","ashalpaca",2
"1125430448576876544","oliverrbrowne",1
"735912030","hewligan123",4
"458185433","ChrisBauld",2
"1058941568038498304","M_W_Palmer",14
"865700851221790720","TalkWelly",57
"2583039692","DDave_R",1
"1549839012","HendoWest",74
"19123005","aristotle42",1
"824158451454607361","NZDesign2000",9
"2843035032","HanaRuan123",1
"392362319","GeorgeWr123",2
"45297295","richardab23",14
"3244591640","josprattnz",9
"2765898344","serenruth",10
"65316869","laurie_winkless",70
"939272129836707840","hanareiaehau",8
"558167139","tejonno",2
"399529643","peterallgreen",2
"133482313","alkstar",3
"361109856","sambgrover",31
"255502866","CamBurrowsNZ",3
"259182993","SkttrbrainNZ",2
"23229867","nathanpoopshaw",3
"25970296","ElissaDee",7
"17128658","bernardchickey",415
"24103523","alanwilliams1",8
"900032794323288064","cryptokims",1
"965125447","tmfrnz",22
"22153136","tom_riley",5
"500594919","AleksanderSci",10
"147121342","cjsmith_87",5
"114680232","N3rdyByN4ture",125
"2992865384","conspiracism",77
"3160358934","benapeters",2
"57954266","robertjchen",0
"825469435892871168","tom0112358",7
"241739178","_KitchenWitch",28
"938156947173285893","machinesympathy",2
"19693966","Phil_Wheeler",86
"2665123013","sainisays",1
"524809586","JAFJacob",9
"94952472","sdhilip",0
"47207737","EricCrampton",209
"27578546","nullary",75
"119282289","Sicabi",1
"14938599","judyfnz",6
"1062883773082034182","NZPOPASSN",19
"1376981","jduckles",33
"1283715992","kiltannen",4
"706179548824494080","mariking79",1
"107587891","cuttingkindling",20
"144498030","AADI_87",1
"2385911","RDiva",90
"18707777","sminnee",44
"53546115","parnelandr",13
"1254834595","robertpreseau",1
"2732754859","OnlyB2B",1
"13372872","porges",13
"748004768","AmyJoseph_NZ",21
"1036880455440588802","TheNikitaDSouza",1
"722582924369874944","OliverCWatkins",5
"82549909","VishOnAMish",56
"286480462","fabtknz",8
"923720796454862850","doqan_ee_yere",2
"84018435","JoshuaWithers",1
"986885688342671360","OurTreesNZ",5
"22492607","konarkmodi",2
"1068303691533344768","HappyEvilSlosh",6
"16694523","curiouskiwicat",19
"1054622836814299136","NZGovtGoogles",24
"53297251","RachelMorris",11
"2364499357","rchiboy101",4
"361525512","KieranWalker4",0
"857347689213603840","scijournofund",50
"1961457913","LyndaRuthPrice",5
"1321717740","Dayangzhouren",19
"114551597","PublicationsPro",65
"759902954371461122","chrisdnn101",18
"297922390","superbwilly",4
"322976025","DavidClarkNZ",197
"50943883","James_T_Guthrie",16
"28627382","richardram",25
"2884863562","coughlthom",197
"2470450844","RobJStewartNZ",119
"22750287","john_holley",102
"2290280388","SusanCarchedi",26
"859579562149027841","spil030",33
"633596200","moar_moar",17
"3302334966","jordanh9187",1
"17266253","_steveadams",42
"2443575204","thomasmanch",58
"16570847","GTRoberts",7
"537820733","MightyMark3",5
"2678218393","fuzzyshortz",4
"3838052303","LiddallTraci",70
"7313482","mpeel",9
"318652644","speakingclealy",7
"69238248","pccourt",10
"757385125604667392","SoulCat_NZ",4
"17201795","BettyAhau",73
"364106332","tefoden",2
"881200310538170369","WombleKiwi",20
"14441863","NateFaanana",6
"37397635","GarthBray",74
"766365","suselore",22
"68111443","grahamsurrey",8
"51581031","kylemacd",138
"44588100","bootstheory",201
"28686378","Thomas_Tank",1
"3300973626","judysuthrlandnz",20
"239728303","neeko1979",16
"1734001","klepas",9
"199629730","AnneGoulding",22
"318904285","ShakingStick",249
"17844595","vgood79",5
"2424320270","blitzmunter",2
"1108622630989361152","ElizaJaneAgain",39
"17353768","ellenstrickland",118
"579421602","AndrewRiseley",1
"58854454","JoshForde",92
"348349467","SteveHWrathall",9
"1170131172","jh_arch",53
"2907803737","Vast_Maze",3
"35282645","KiwiBoyUS",1
"8077672","maetl",100
"376440468","adklepto",6
"391341586","Caleb_Speak",105
"24586517","koshrecords",76
"1080233756802265088","samckenzie2",2
"41260179","LizzieMaguire",23
"1106457450654228481","BikerChiwi",35
"261611036","kiwi_kali",26
"250328446","bedebignell",3
"898691","gnat",273
"1108561417978806272","projectlovenz",64
"35734082","jonathanreid1",2
"2180224129","cjhood71",37
"14814061","IThinkALot",2
"55374931","moridesamoped",6
"14450533","pickledog47",31
"7743912","krisis",9
"25256022","yoiks",3
"1027942309","peaceprone",21
"3261135252","deathhairball",1
"77615176","TeresaWuMD",1
"18474477","gverissi",1
"170244875","sam_atk_308",1
"359188534","simongerman600",134
"1007192254505598976","Jonikarose1",10
"16883821","securitysteve",4
"808783204270256128","terencewoodnz",10
"951167080170221570","etfminer",1
"224561190","BenForShore",10
"3604053793","MrJKirwan",37
"325943527","DanReilly74",1
"61833122","carlishganzino",6
"593602654","DamianWelsh2",1
"2435967874","KkKestutis",7
"752340906","BlueDrink9",1
"925399790506184705","IS_GEOCommunity",2
"324756237","dmarcelinobr",1
"3126860279","sebheyneman",2
"3895191793","GovStatistician",162
"3313829478","J3_SSC",5
"2174978828","LukeHolman_Evo",6
"2640061767","bossykong",1
"209312180","naaanz",46
"119306257","kiwipod",4
"739328855496761344","excham_",1
"1023497524072644614","LearnVizWithMe",9
"261974816","CS_NZ",60
"50943610","JennyKayNZ",169
"4176856575","danmcollins500",4
"334461893","EmilyRiederer",55
"69190199","tveastman",100
"807017491163557889","NathanHuberts",1
"21363507","cushlat",29
"35411884","nmoorenz",14
"320176393","ChristianJudge",8
"107345085","ardrigh",22
"131146812","blacklightpix",10
"46531626","dashching",44
"268125963","m_onlein",26
"223504938","anthromarc",13
"30178731","HORansome",90
"28739480","fillupt",9
"15652982","ben_r",66
"407989337","1JamieScott",6
"188548423","MikeDKwine",7
"61928324","julianlarralde",1
"2998089738","shagility",16
"114954183","jgarrigan10",0
"85743765","Liza_Bolton",151
"2539076280","DSDigital_Info",4
"1055571692750159872","sextoymartnz",2
"76864662","eloquentsonia",105
"1069083118563483648","Kellyad97313219",1
"864121621","Trumpyman2",1
"88954020","dasrotrad",2
"108881273","hwericsatie",1
"968389179653619712","Journocoders_id",1
"28928777","mossnz",50
"23920597","edith832009",0
"2566454377","najjariafef",1
"764698304030531584","1CommonReader",35
"127800555","Schalenmann",1
"513351911","favstats",30
"47104940","bauscaus",1
"19377827","petergnz",190
"17175594","duaneg00",3
"4109714718","andersen_ellen",58
"98171356","jeffpcarpenter",3
"1063370274123538432","MartinChauke8",2
"36904661","Clarabel_H",9
"601066170","MethodAppraisal",1
"242904917","sgeoviz",4
"117205672","EdaDenizOzdemir",1
"921447541597712385","diginokrat",0
"197963530","kylehqcom",5
"17989072","y011",9
"3741276132","SixteenOhms",1
"34150919","JessesMum",8
"18207788","EdNZ",104
"33125243","Jayniehaka",66
"2496088364","CyberShambles",7
"43081148","aaronjrose",1
"501297578","__fincham",28
"66895067","iokiwi",7
"47242486","xiw",5
"183144705","questfour",1
"325855980","callumvalentine",32
"1481500988","nz_walker",14
"2598878335","nzdnc",44
"23565903","katie_pai",36
"147406561","MaramaDavidson",397
"103516223","mdsumner",60
"341771044","DrJinRussell",54
"12483732","pblakez",4
"771535644984094721","fcpcolo",2
"976221724126531584","nickdaleburns",2
"53274513","Lingering_Llama",7
"3243291776","MayoNaCl",1
"1054998912342388736","SzeYingLeong1",1
"20477596","dznz",75
"771205072675942401","YAA_SJZ",4
"535741011","ajlichtsteiner",2
"1289961704","dumpark",50
"885514115644407808","DataLabs89",3
"38803426","EricaJWilkinson",2
"839590144378187777","CathyNotti",12
"114463040","bmwhocking",13
"1004503276518137856","Tom_Bcgh",57
"909681612698279936","b4tski",1
"2740954608","docdanz007",61
"528911288","e_heritage",33
"63035222","teh_aimee",177
"915312823655211008","vote4kaki",25
"734619841","wilsearle",1
"1014769285028200448","AntjeLibrarian",12
"1044810131421233152","LettersForPale1",5
"2896049204","nzmrichards",72
"456061444","adudding",85
"102894757","THEchiQ",18
"135065698","hendysh",232
"941076980375547904","birdoftheyear",59
"444239599","opetheater",21
"3677851349","mattgordon80",5
"75988677","KevinHicksNZ",2
"181909635","MaryStGeorge",61
"1414106382","CCSMonash",2
"208256535","JuliaVeitch",2
"21087434","PiRXlv",1
"154410513","kieronlawson",1
"2327513795","henry_inglis",1
"14431080","electrik",10
"970807516350234624","Stephen37472243",8
"941114852893974529","SethBorko",1
"706962334002978816","juliehowardnz",11
"543925082","KorimakoEcology",85
"1016607934913089537","MusicalBlockchn",1
"225704106","kiwiana10",19
"61711622","thewmcg",2
"54428895","andrewl_nz",11
"2452944394","WookeyRachael",0
"80428539","nzgwynn",13
"730137269588217856","NickMcVerry",8
"2655523207","bertnigel",5
"29956547","CleverJames",12
"17353083","francistill",29
"281648251","franks_lawyer",60
"778754706197782528","luke_hiscox",17
"967384485925982208","I99666",2
"2603782453","KoniniSt",23
"703035906530217984","yeahnahbro55",65
"2529531283","danbloomer1",12
"895160194086428672","shiddedfarded",4
"316303686","jrooneyfox",6
"2452211","brettroberts",59
"29291964","tomthebomber",2
"1266583591","LuxIgnisStylus",10
"150088639","Mikiwis",7
"3024816888","MeatMechSuit",30
"37279091","dialogCRM",65
"878000666018406400","CLRenney",3
"782895752","HenareHoward",12
"29818828","Ncikaroa",7
"742096901760114689","bex_stevenson",175
"1010414661768867841","Tok_Stylz886",3
"20277941","FranOSullivan",160
"247909219","AngusFHawkins",0
"800810986009526272","brewybrewy",9
"2336428064","julianajones89",3
"65204691","SarahTrotmannz",74
"257170736","GarethHVaughan",66
"28684838","ThomedySci",198
"914671564607672320","ApropoSensible",1
"36256235","nzdrug",173
"48272647","typovino",2
"965203200","BarsemaMaria",2
"492503940","BFranzmayr",11
"852071354689961984","IanMacvv",1
"909296851022602240","nz_weathergirl",7
"21059525","Granthod",37
"2740849320","Harmes_and_Legs",4
"590717291","NicolaPatrickNZ",79
"4100317093","tiekemanu",29
"18229592","ClareYFletcher",6
"9372442","onemouse",19
"1433246138","benreynoldsnz",12
"4760086358","Anneliestbk",18
"2225322663","semihdst",0
"49316865","genetis",37
"4052034013","birdsongnz",55
"762100968494247937","ricarduscaseus",8
"31817243","auck_lander",6
"33788841","dakvid",23
"162658982","zJPz",1
"3195616518","gfjrobinson",4
"3313753214","CraigSconsult",1
"19325469","torshin",61
"467106293","LeighPearson2",3
"21174233","davidchoat",32
"207327608","AmyKCT",6
"730850751854092290","airguitarfixer",7
"706600485222948866","reuben_mcnair",2
"1624202768","zitanbroth",8
"356519184","MarcusBuckland",16
"24491152","BenJStrang",50
"6299722","powareverb",10
"43850471","WebAsh",8
"194837416","WillPollard",17
"50264379","rbtcollins",19
"17076895","creativebizliz",4
"4340411113","steventhebrown",1
"17356969","iamkey",36
"28217332","moylea",70
"24016742","droneale",94
"862625536475934720","transient_jin",1
"213140827","duncanjoanna",1
"2597476640","a_son_of_a_gunn",14
"35420359","petertaylornz",5
"20013795","jamespmoriarty",3
"882063431787888641","radejardine",16
"27639211","SPChamberlain",10
"2470132844","ira_bailey",17
"173424405","williamtuckey",3
"546606060","SuzanneRobins1",69
"14489394","mayhemmad",15
"719900887","surayacasey",4
"1118686711","gavjroma",5
"966064189230821377","mac_mckenna",0
"2446628427","stephen_keown",0
"497723013","CarlosMCorderoB",23
"50516677","SteveHodgeNZ",2
"2295675888","TNorcliffe",10
"136743228","kentferg",1
"188676325","oneforthedr",227
"4414851","vim",12
"374207625","templetonf",80
"120291058","Yunnycakes",4
"28768308","drdeanknight",121
"835608507311255552","kendrashortmw",2
"2519125616","imprintedlegacy",1
"19513280","Kumeugirl",25
"15819092","suburban_ennui",32
"2907678602","AccessGrantedNZ",88
"113799543","kaupapa",223
"14635385","newimprovedtom",146
"134967348","tcs0",34
"2492277644","donal_curtin",53
"971727302051713026","Keiffth",2
"1037820482","64",32
"2549227039","SarahJaneParton",75
"97769756","sarahhbickerton",218
"92475907","vicwray",59
"22000414","squashypigeon",6
"219065164","Xeronema",35
"867817525433835521","SpotsOnTheStove",10
"24605515","resurrecti0nman",1
"278013385","sejwatson",9
"1022236612808208384","politicsofbass",18
"14958021","bluevibestudio",13
"634330179","FOMNZ",43
"91747771","justinekem",1
"879500310","AucklandIsland",95
"26656785","adikohler",34
"234226460","SecretChimp",4
"22731900","WFLBC",2
"879770323968602112","imaginemyrelief",21
"16728098","mhjb",37
"204465647","robhosking",186
"2780261748","lomupolitics",16
"29584161","AndrewPL",13
"810129767299215360","tigergirl78",1
"1011429920931643392","citizenai_nz",52
"21328225","Rem0teMeth0d",1
"35555248","DrCuriosity",82
"848967542","keerthi_43",1
"3400371394","WilmerGBBiology",1
"1418775740","freezascom",1
"210365012","DVilliers",1
"4891025429","finlibash",20
"1851147889","iamSimon_A",13
"742191368794046466","NickGoodall_CL",22
"15861221","ShotbyRobins",12
"1014061879000330240","btbnz",26
"54046833","watyuki",1
"924307956","dan_brunskill",8
"91479243","C_J_Fitzpatrick",2
"2874525186","gendepont",10
"16591790","mojohealy",5
"2841717738","matrixstylez",3
"15929466","julielandry",46
"16525618","melmac21",51
"748786913440468993","Bn05526204",1
"2218567849","MatthewRussellS",46
"20762748","andywhitenz",35
"288630137","vlcnz",97
"61448184","intheologus",9
"424660228","microphen",1
"17603342","blairglubb",10
"56922540","robynnuthall",83
"225296551","applefeijoa",2
"805950542283304965","water_safety_nz",10
"901230103555735557","nap_the_rap",2
"1726664881","mrbarnabyb",231
"17721033","HenryBarnard_",9
"3442587746","__BLiP",12
"422914439","NZecowarrior",63
"96954044","beckeleven",261
"173430971","lukepeacocke",5
"135803049","Rrk310",1
"1576218529","JonatBASS",13
"10119272","TristanRS",62
"26411643","hindins",7
"18997192","pm323",18
"220577562","Dave9840",16
"3168325451","GoodMapBadMap",20
"28770754","zendokai",3
"15932807","billyfung",9
"799878880152592385","PowderPuffPlay",51
"2724597409","ellis2013nz",174
"392055035","coletanea4",1
"15157481","FerCagua",8
"455836497","JohanGaltung",3
"66993","sbisson",9
"17492561","yortw",27
"878034803026673668","RossTrendlock",9
"15358348","nikkiusher",10
"150200975","ThomasHaig",86
"3215879897","NaveedZFarooqui",0
"337796168","LeonASalter",21
"16539754","xurizaemon",47
"3038666106","MurrayCadzow",12
"1666632181","KaneFleury",31
"11073952","SarahLibrarina",91
"16751477","Mykuhl",34
"2857902194","9ftnina",8
"24784552","marianitalindis",1
"36888407","M_Cropp",67
"75734047","JulianWoodhouse",32
"263048486","nicgaston",225
"899054803","matdome",3
"381418158","raquelxmoss",63
"233184782","kairakau50",13
"18573621","mellopuffy",144
"33178160","rtse999",6
"122854842","andresalerno",1
"273152549","mike_thepress",14
"803126","coffee_bee",2
"14841472","brenda_archer",1
"8554682","bhatnagar",5
"3346807874","EmmaVitz",167
"19947604","emilynz",110
"973803194185904129","gasaxe666",7
"45449114","_mharvey",30
"446518264","mjsqu",17
"14189315","itamer",24
"14052038","bthatcher_icc",6
"3189070548","cehart03",1
"996934423957377025","MaryWoo01383280",1
"978367711951687681","shanwalt_ds",1
"154046719","Raabulha",1
"531549158","ChrisFerris3",4
"15924271","seraph_zaho",0
"203340868","DrSinBin",11
"473515472","Addifaerber",7
"993858996267290624","SamLivingstone_",2
"994342215055884288","AotearoaPeople",125
"3096838877","tvroylandt",2
"2604490724","FoxyLustyGrover",223
"83260346","JeffC1956",2
"25067949","Not_shax",115
"44245289","dp63nz",3
"984947989872394240","HamPressClub",46
"243874904","mattj_crawford",15
"292759417","Ben_Ackland",10
"14773632","newzedland",59
"224984964","dangerousbeans_",2
"391136253","rustie5555",54
"985326534415167488","flightlessrobot",19
"559966263","zanismlab",1
"1600995199","paulusj8",4
"91808386","santosh_ks10",1
"785423243876327424","nerskin95",4
"268457571","a_alrababah",4
"1818841","i_am_camilo",1
"1362264654","ChristEd930427",4
"109323518","marypcbuk",15
"32874036","parashar1505",0
"903976497953767424","BeltzEcology",4
"14534523","heyaudy",4
"3320673862","mvkorpel",2
"229564414","minebocek",103
"90120525","UdayKapur",3
"930601409988386817","EcolModAG",19
"1530064784","nacnudus",22
"931592333757267968","EvalNerd",3
"602703078","Lukeslifeonline",5
"7859112","steffenrusten",102
"1146983815","caracevaaa",31
"2812683571","MthreeGee",50
"332545809","DebsHancock",57
"15188612","timClicks",126
"21178259","adzebill",204
"190550528","sallynicholl",5
"2815624242","southfern",19
"35667496","zenpeacekeeper",310
"35135704","FireTheClapper1",2
"7149342","nathanm",46
"1726640160","enotsluap",65
"4856629021","opendatanz",166
"368551889","IsabellaGhement",40
"15303990","jeffrey_miller",1
"237905999","Psopho",21
"273660990","campbead",1
"1529234226","DnFlatNames",20
"956775773305630721","Therentadvisor",5
"174572586","KirkSerpes",126
"3116460956","Cy_Young_Si",6
"47886347","kimi_collins",201
"19047502","davidorlovich",34
"355890988","botanyotago",9
"356788303","SiouxsieW",288
"1058849785","Leif_Greiss",1
"51422426","spekulatius1984",6
"2616259243","tomelliottnz",32
"2611910322","lucykpick",2
"693273","purzelrakete",2
"369089674","dvdjhnhll",153
"14107395","bcaffo",65
"901996666198175744","charlene_rapsey",42
"933407928006176768","HassanGhias5",1
"711468913","HonestUniverse",143
"63901070","voxmenthe",2
"59715745","JeremyDigitalus",2
"15433622","nicoleradziwill",42
"74860873","braddonlance",1
"158756964","romunov",9
"884253117251858432","john_t_ormerod",26
"2973406683","kearneymw",84
"229436060","Buretto77",18
"17034301","peeyooshchandra",12
"32362572","julietkl",3
"102271389","Brycepearce",99
"2397378751","MinistryofWTF",3
"862642152","JustTheSpring",9
"1285191396","FiWindle",14
"1093628184","SekouLRemy",2
"88977722","Jeeva_G",4
"21260922","AlastairJNZ",48
"9200682","mattharman",7
"198965749","monkmanmh",27
"351500766","mrpaulreynolds",2
"788153420297285632","GnTepps",2
"2790784614","kahuranginp",8
"18262599","nicolalauren_",31
"922302445979500546","jwacarrollNZ",19
"148779346","reachsimbu",4
"5412972","johnffrye",2
"3272330208","gwynncompton",98
"2343168212","andreajnz",23
"124706520","lornaajohnson",56
"607942467","JesseMeek",5
"73323539","monsterlemon",21
"772642555389288448","AbbyAitchy",0
"2366479609","IMEmmaSmart",23
"189042704","WinstonAldworth",67
"264397937","jjalk",1
"29663375","bobbilljim",2
"80798925","VickiWoodward",10
"20000639","JAYSONHOOGY",8
"338779501","segfault88",2
"581465411","Amadaun23",9
"938849145204494336","aubamarahaga",2
"35692006","platypus237",1
"15150574","ruatara",36
"264478078","BenWatsonNZ",20
"5563202","preetimehta",1
"134548180","LegrandGIS",7
"3975299597","EvaMaeRey",28
"725643611069538304","TaoYANLogos",1
"1493169601","Naareman",1
"63106543","lgreski",3
"900473359","WarnerRScott",0
"329179614","ixek",16
"869096568271589376","gpaulinger",1
"758553995447242752","AnguloBrunet",3
"1471341","Roon",1
"2784033183","wtchristiansen",0
"825174604423557120","vlookupchampion",3
"712598138901643264","SefaOzalp",9
"634644684","AnhHoangDuc",2
"14351134","sellorm",40
"795380617919733766","NevianaZhgaba",1
"734578981954031616","course_hour",7
"19439016","SonnyNZ",19
"30053900","Jimmygotsoul",1
"1859716932","KenQuarrie",20
"938963693022277632","__seb_____",7
"338400864","SRDorajoo",1
"791033804269973509","GuyMaskall",9
"34677653","revodavid",99
"492463980","AL4S_Rich",14
"979198975","EmilyK100",56
"1108627423","thegymnosophist",4
"158618726","pierreroudier",81
"133733066","seftianhari",1
"884598456215646208","HKubaye",9
"17224185","rathredmond",1
"249336220","khaled_oueslati",1
"2851627972","matteodefelice",6
"43186378","CMastication",101
"34061730","bochocki",1
"84561142","Ozeroth",3
"20503","pageman",1
"880341040917499904","kohekohe2k",23
"866526567891050498","DrJennyCondie",115
"509744509","davidjxcarter",1
"351510257","LyallMorrison",8
"56011314","Gutensie",3
"836201","anisoptera",1
"16611830","knersis",13
"14684519","parsley72",45
"805323073616429056","mansimorar",25
"3224400223","shahindre",1
"569479910","kamal_hothi",313
"52543721","TidgeH",20
"824830929654935552","Heideggram",1
"487819883","quilltrip",1
"888511716933345280","LynleyHood",1
"18135686","indy_slug",11
"16167893","jhawtin",5
"113543497","sportingcryptid",11
"899411252937666560","Paola_CastanoG",1
"849865378163339265","ale07rod",1
"918286673414197248","VoteTitipounamu",8
"715058377","VoteWeka",15
"2364855036","NatForsdick",32
"308293041","dflydsci",95
"532098331","geneotype",0
"915746918336053248","voteruru",15
"8631982","finnatic",38
"839384553407930368","Tweetsintoabyss",12
"126159744","drivethrupod",203
"904110102591938560","memyselfandidu2",13
"20821625","Johnmacmot",41
"94421127","nigeltwit",7
"27528631","damianchristie",301
"52933261","bentorkington",99
"33148054","paubengero",2
"78566690","imzeiger",30
"438487252","MxCarmine",6
"762300","theArtOfPeople",29
"589481114","boryanakis",6
"52643258","thiagonoce",1
"20760036","encephalartos",1
"470811457","pepelevamp",10
"623372948","AndrewRiddell1",98
"34532693","juliefairey",230
"2741035986","Te_Taipo",218
"16428322","paulbrislen",291
"39641230","kirsty_johnston",410
"3011707123","DataJason",9
"737760080","palmersarah24",2
"25249374","verbman",70
"4744985474","DrJessBerentson",450
"737554932492967937","CyberSecRicki",7
"906799779778318336","rawdatabook",2
"888516643776634880","HoodLynley",1
"2832273775","D_Provoost",59
"17480007","bogan",75
"312415078","ShiobhanSmith",16
"900796207987007489","SpandexCellar",2
"17745383","alliozz",2
"743782149589917698","Amrama115",1
"312172484","jstuartNZ",11
"198036982","BigDaddyTrue",2
"1171620144","essigna",37
"3182134224","OlleySamantha",8
"824861100101341184","estoiledargent",2
"18251470","communico",29
"755861204","KaroriBee",86
"636018004","CreetureNZ",48
"209399021","smugliberal",18
"21061618","benraue",9
"15327984","tzemingdynasty",324
"1265286588","DissidentZero",5
"226077231","Jared_of_Wgtn",12
"198350602","alexeidrummond",43
"231564564","davehayward_",12
"2290312598","ravenspore",7
"895040877336199169","SageAnastasi",36
"414458182","arobins3",4
"331496423","acmm1899",3
"661403","pomeranian99",20
"70651912","pitakakariki",107
"1564978206","Economissive",298
"88165272","lin_nah",97
"886678369928187904","caffvenient",1
"473698829","clarke_ali",55
"2781249420","jmarshallnz",94
"85955850","meetninjunkie",6
"307044093","antiCapsLockist",23
"2580746851","Ankit0Dwivedi",1
"4911181019","RStatsJason",12
"14806596","aschiff",153
"619676408","philipsophy",117
"176883031","jtleek",100
"196825728","pureNZdairy",24
"17284137","five15design",285
"3194746867","LauraMYoung80",24
"11175282","mugginsm",24
"5779402","polemic",169
"800447204020219904","Kim_Fitter",50
"16292761","nathanielng",1
"192723784","penquinnan",21
"422146514","GraemeEdgeler",320
"19693884","markcubey",165
"21931378","KutluhanCelik",1
"40766692","Tat_Loo",19
"1243481348","NewLynnStranger",10
"18134138","sjobsis",6
"172262369","LewSOS",332
"822481213","micheinnz",79
"843441648","MelbourneTraci",6
"856056514691432448","MicheleSheffle3",0
"123055036","ipnosimmia",55
"55309606","vizowl",249
"3028744103","wlephw",1
"21979091","shanegallagher0",58
"2787395544","Jiminthewater",7
"850580920092381185","jessehana1",1
"2662222731","kippkipphooray",1
"15770483","farmgeek",409
"2647010672","notreallyadog",1
"594565502","goodmansasha",4
"15045918","keith_ng",511
"229638179","robjhyndman",87
"414659135","LucWarde",0
"9961182","lan24hd",13
"18105957","greigar",2
"14838951","thomasbeagle",230
"18201787","publicaddress",530
"92184482","lyndonhood",233
